,file_name,prediction
0,103-1240-0000.flac,
1,103-1240-0001.flac,
2,103-1240-0002.flac,show show
3,103-1240-0003.flac,
4,103-1240-0004.flac,
5,103-1240-0005.flac,
6,103-1240-0006.flac,
7,103-1240-0007.flac,
8,103-1240-0008.flac,
9,103-1240-0009.flac,
10,103-1240-0010.flac,
11,103-1240-0011.flac,
12,103-1240-0012.flac,construction
13,103-1240-0013.flac,strong
14,103-1240-0014.flac,
15,103-1240-0015.flac,
16,103-1240-0016.flac,
17,103-1240-0017.flac,
18,103-1240-0018.flac,
19,103-1240-0019.flac,
20,103-1240-0020.flac,
21,103-1240-0021.flac,
22,103-1240-0022.flac,
23,103-1240-0023.flac,
24,103-1240-0024.flac,
25,103-1240-0025.flac,
26,103-1240-0026.flac,
27,103-1240-0027.flac,
28,103-1240-0028.flac,
29,103-1240-0029.flac,
30,103-1240-0030.flac,
31,103-1240-0031.flac,for
32,103-1240-0032.flac,
33,103-1240-0033.flac,
34,103-1240-0034.flac,mhm
35,103-1240-0035.flac,true
36,103-1240-0036.flac,
37,103-1240-0037.flac,
38,103-1240-0038.flac,
39,103-1240-0039.flac,call
40,103-1240-0040.flac,
41,103-1240-0041.flac,
42,103-1240-0042.flac,
43,103-1240-0043.flac,
44,103-1240-0044.flac,
45,103-1240-0045.flac,see how
46,103-1240-0046.flac,now
47,103-1240-0047.flac,watch
48,103-1240-0048.flac,
49,103-1240-0049.flac,
50,103-1240-0050.flac,
51,103-1240-0051.flac,try
52,103-1240-0052.flac,
53,103-1240-0053.flac,
54,103-1240-0054.flac,
55,103-1240-0055.flac,
56,103-1240-0056.flac,
57,103-1240-0057.flac,
58,103-1241-0000.flac,
59,103-1241-0001.flac,
60,103-1241-0002.flac,
61,103-1241-0003.flac,
62,103-1241-0004.flac,
63,103-1241-0005.flac,solution
64,103-1241-0006.flac,
65,103-1241-0007.flac,
66,103-1241-0008.flac,
67,103-1241-0009.flac,
68,103-1241-0010.flac,
69,103-1241-0011.flac,street
70,103-1241-0012.flac,
71,103-1241-0013.flac,
72,103-1241-0014.flac,
73,103-1241-0015.flac,
74,103-1241-0016.flac,see
75,103-1241-0017.flac,
76,103-1241-0018.flac,
77,103-1241-0019.flac,
78,103-1241-0020.flac,
79,103-1241-0021.flac,
80,103-1241-0022.flac,this 1
81,103-1241-0023.flac,
82,103-1241-0024.flac,
83,103-1241-0025.flac,
84,103-1241-0026.flac,interesting
85,103-1241-0027.flac,my
86,103-1241-0028.flac,
87,103-1241-0029.flac,
88,103-1241-0030.flac,
89,103-1241-0031.flac,the oh
90,103-1241-0032.flac,
91,103-1241-0033.flac,
92,103-1241-0034.flac,much
93,103-1241-0035.flac,problem
94,103-1241-0036.flac,
95,103-1241-0037.flac,space station
96,103-1241-0038.flac,suspension
97,103-1241-0039.flac,questions
98,103-1241-0040.flac,
99,103-1241-0041.flac,
100,103-1241-0042.flac,show me
101,103-1241-0043.flac,
102,198-209-0000.flac,
103,198-209-0001.flac,
104,198-209-0002.flac,
105,198-209-0003.flac,
106,198-209-0004.flac,should be very much aware
107,198-209-0005.flac,
108,198-209-0006.flac,all the time
109,198-209-0007.flac,
110,198-209-0008.flac,
111,198-209-0009.flac,
112,198-209-0010.flac,h
113,198-209-0011.flac,
114,198-209-0012.flac,and how much instruction
115,198-209-0013.flac,
116,198-209-0014.flac,
117,198-209-0015.flac,
118,198-209-0016.flac,
119,198-209-0017.flac,
120,198-209-0018.flac,
121,198-209-0019.flac,
122,198-209-0020.flac,
123,198-209-0021.flac,
124,198-209-0022.flac,
125,198-209-0023.flac,
126,198-209-0024.flac,so
127,198-209-0025.flac,
128,198-209-0026.flac,description
129,198-209-0027.flac,all
130,198-209-0028.flac,so hard
131,198-209-0029.flac,called
132,198-209-0030.flac,
133,198-209-0031.flac,
134,198-209-0032.flac,
135,198-209-0033.flac,destroy me
136,198-209-0034.flac,who else
137,198-209-0035.flac,
138,198-209-0036.flac,
139,198-209-0037.flac,
140,198-209-0038.flac,
